day,run_time,blocks,chars,has_satellite,input_tokens
2026-08-05,06:45,47,8128,False,3290
2026-08-05,07:00,46,8954,True,3503
2026-08-05,07:30,44,9521,True,3662
2026-08-05,08:00,42,9487,True,3618
2026-08-05,08:15,41,9469,True,3595
2026-08-05,08:30,40,9459,True,3576
2026-08-05,09:00,38,9422,True,3529
2026-08-05,09:30,36,9376,True,3474
2026-08-05,09:45,35,9350,True,3452
2026-08-05,10:00,34,9310,True,3411
2026-08-05,10:30,32,9236,True,3356
2026-08-05,11:00,30,9162,True,3286
2026-08-05,11:15,29,9126,True,3255
2026-08-05,11:30,28,9114,True,3237
2026-08-05,12:00,26,9048,True,3178
2026-08-05,12:30,24,8980,True,3120
2026-08-05,12:45,23,8910,True,3070
2026-08-05,13:00,22,8904,True,3054
2026-08-05,13:30,20,8827,True,2990
2026-08-05,14:00,18,8724,True,2912
2026-08-05,14:15,17,8689,True,2882
2026-08-05,14:30,16,8651,True,2849
2026-08-05,15:00,14,8579,True,2787
2026-08-05,15:30,12,8509,True,2727
2026-08-05,15:45,11,8468,True,2695
2026-08-05,16:00,10,8440,True,2665
2026-08-05,16:30,8,8396,True,2616
2026-08-05,17:00,6,8104,True,2477
2026-08-05,17:30,4,8033,True,2416
2026-08-06,06:45,47,7786,False,3092
2026-08-06,07:00,46,8611,True,3304
2026-08-06,07:30,44,9236,True,3497
2026-08-06,08:00,42,9316,True,3519
2026-08-06,08:15,41,9355,True,3529
2026-08-06,08:30,40,9400,True,3541
2026-08-06,09:00,38,9423,True,3530
2026-08-06,09:30,36,9382,True,3482
2026-08-06,09:45,35,9343,True,3452
2026-08-06,10:00,34,9314,True,3421
2026-08-06,10:30,32,9240,True,3351
2026-08-06,11:00,30,9171,True,3292
2026-08-06,11:15,29,9163,True,3274
2026-08-06,11:30,28,9126,True,3242
2026-08-06,12:00,26,9055,True,3181
2026-08-06,12:30,24,8984,True,3120
2026-08-06,12:45,23,8946,True,3087
2026-08-06,13:00,22,8906,True,3056
2026-08-06,13:30,20,8830,True,2990
2026-08-06,14:00,18,8758,True,2928
2026-08-06,14:15,17,8720,True,2898
2026-08-06,14:30,16,8682,True,2865
2026-08-06,15:00,14,8610,True,2803
2026-08-06,15:30,12,8539,True,2742
2026-08-06,15:45,11,8503,True,2711
2026-08-06,16:00,10,8473,True,2682
2026-08-06,16:30,8,8398,True,2617
2026-08-06,17:00,6,8131,True,2492
2026-08-06,17:30,4,8069,True,2433
2026-08-07,06:45,47,7729,False,3059
2026-08-07,07:00,46,8554,True,3271
2026-08-07,07:30,44,9179,True,3464
2026-08-07,08:00,42,9256,True,3477
2026-08-07,08:15,41,9299,True,3497
2026-08-07,08:30,40,9337,True,3506
2026-08-07,09:00,38,9416,True,3521
2026-08-07,09:30,36,9371,True,3469
2026-08-07,09:45,35,9367,True,3455
2026-08-07,10:00,34,9331,True,3424
2026-08-07,10:30,32,9264,True,3364
2026-08-07,11:00,30,9164,True,3289
2026-08-07,11:15,29,9158,True,3273
2026-08-07,11:30,28,9124,True,3244
2026-08-07,12:00,26,9045,True,3178
2026-08-07,12:30,24,8972,True,3115
2026-08-07,12:45,23,8910,True,3073
2026-08-07,13:00,22,8916,True,3062
2026-08-07,13:30,20,8836,True,2995
2026-08-07,14:00,18,8764,True,2930
2026-08-07,14:15,17,8731,True,2902
2026-08-07,14:30,16,8694,True,2870
2026-08-07,15:00,14,8622,True,2808
2026-08-07,15:30,12,8518,True,2729
2026-08-07,15:45,11,8482,True,2698
2026-08-07,16:00,10,8440,True,2665
2026-08-07,16:30,8,8366,True,2601
2026-08-07,17:00,6,8099,True,2475
2026-08-07,17:30,4,8028,True,2414
